Date,Hashtag,Views
2025-04-01,#dancechallenge,12000
2025-04-02,#dancechallenge,14000
2025-04-03,#dancechallenge,16000
2025-04-04,#dancechallenge,21000
2025-04-05,#dancechallenge,30000
2025-04-06,#dancechallenge,40000
2025-04-07,#dancechallenge,55000
2025-04-08,#dancechallenge,65000
2025-04-09,#dancechallenge,60000
2025-04-10,#dancechallenge,58000
2025-04-11,#dancechallenge,53000
2025-04-12,#dancechallenge,50000
2025-04-13,#dancechallenge,48000
2025-04-14,#dancechallenge,45000
2025-04-01,#aiart,3000
2025-04-02,#aiart,4000
2025-04-03,#aiart,5200
2025-04-04,#aiart,7300
2025-04-05,#aiart,8800
2025-04-06,#aiart,10500
2025-04-07,#aiart,16000
2025-04-08,#aiart,19000
2025-04-09,#aiart,25000
2025-04-10,#aiart,30000
2025-04-11,#aiart,35000
2025-04-12,#aiart,36000
2025-04-13,#aiart,36500
2025-04-14,#aiart,37000
2025-04-01,#cleaninghacks,8000
2025-04-02,#cleaninghacks,8200
2025-04-03,#cleaninghacks,8500
2025-04-04,#cleaninghacks,8700
2025-04-05,#cleaninghacks,9000
2025-04-06,#cleaninghacks,9400
2025-04-07,#cleaninghacks,9800
2025-04-08,#cleaninghacks,10200
2025-04-09,#cleaninghacks,10700
2025-04-10,#cleaninghacks,11000
2025-04-11,#cleaninghacks,11500
2025-04-12,#cleaninghacks,11800
2025-04-13,#cleaninghacks,12000
2025-04-14,#cleaninghacks,12200
